UserNames,TweetTexts,Replys,Rewtweets,Likes
"chobani
@cactusbrattt
·
10m","Dying at the fact that my mother couldn't even get through 1 singular episode of the bear because he's so sexy she could not focus on the plot, and genuinely looked at me with concern that I could finish not 1 but 3 seasons",,,
"chobani
@cactusbrattt
·
10m","Dying at the fact that my mother couldn't even get through 1 singular episode of the bear because he's so sexy she could not focus on the plot, and genuinely looked at me with concern that I could finish not 1 but 3 seasons",,,
"chobani
@cactusbrattt
·
10m","Dying at the fact that my mother couldn't even get through 1 singular episode of the bear because he's so sexy she could not focus on the plot, and genuinely looked at me with concern that I could finish not 1 but 3 seasons",,,
"chobani
@cactusbrattt
·
10m","Dying at the fact that my mother couldn't even get through 1 singular episode of the bear because he's so sexy she could not focus on the plot, and genuinely looked at me with concern that I could finish not 1 but 3 seasons",,,
"chobani
@cactusbrattt
·
10m","Dying at the fact that my mother couldn't even get through 1 singular episode of the bear because he's so sexy she could not focus on the plot, and genuinely looked at me with concern that I could finish not 1 but 3 seasons",,,
"chobani
@cactusbrattt
·
10m","Dying at the fact that my mother couldn't even get through 1 singular episode of the bear because he's so sexy she could not focus on the plot, and genuinely looked at me with concern that I could finish not 1 but 3 seasons",,,
"chobani
@cactusbrattt
·
10m","Dying at the fact that my mother couldn't even get through 1 singular episode of the bear because he's so sexy she could not focus on the plot, and genuinely looked at me with concern that I could finish not 1 but 3 seasons",,,
"chobani
@cactusbrattt
·
10m","Dying at the fact that my mother couldn't even get through 1 singular episode of the bear because he's so sexy she could not focus on the plot, and genuinely looked at me with concern that I could finish not 1 but 3 seasons",,,
"chobani
@cactusbrattt
·
10m","Dying at the fact that my mother couldn't even get through 1 singular episode of the bear because he's so sexy she could not focus on the plot, and genuinely looked at me with concern that I could finish not 1 but 3 seasons",,,
"chobani
@cactusbrattt
·
10m","Dying at the fact that my mother couldn't even get through 1 singular episode of the bear because he's so sexy she could not focus on the plot, and genuinely looked at me with concern that I could finish not 1 but 3 seasons",,,
"chobani
@cactusbrattt
·
10m","Dying at the fact that my mother couldn't even get through 1 singular episode of the bear because he's so sexy she could not focus on the plot, and genuinely looked at me with concern that I could finish not 1 but 3 seasons",,,
"chobani
@cactusbrattt
·
10m","Dying at the fact that my mother couldn't even get through 1 singular episode of the bear because he's so sexy she could not focus on the plot, and genuinely looked at me with concern that I could finish not 1 but 3 seasons",,,
"chobani
@cactusbrattt
·
10m","Dying at the fact that my mother couldn't even get through 1 singular episode of the bear because he's so sexy she could not focus on the plot, and genuinely looked at me with concern that I could finish not 1 but 3 seasons",,,
"chobani
@cactusbrattt
·
10m","Dying at the fact that my mother couldn't even get through 1 singular episode of the bear because he's so sexy she could not focus on the plot, and genuinely looked at me with concern that I could finish not 1 but 3 seasons",,,
"chobani
@cactusbrattt
·
10m","Dying at the fact that my mother couldn't even get through 1 singular episode of the bear because he's so sexy she could not focus on the plot, and genuinely looked at me with concern that I could finish not 1 but 3 seasons",,,
"chobani
@cactusbrattt
·
10m","Dying at the fact that my mother couldn't even get through 1 singular episode of the bear because he's so sexy she could not focus on the plot, and genuinely looked at me with concern that I could finish not 1 but 3 seasons",,,
"Chobani
@hey_chobani
·
1h",I am so happy for him!,,,
"Chobani
@hey_chobani
·
1h",I am so happy for him!,,,
"Chobani
@hey_chobani
·
1h",I am so happy for him!,,,
"Chobani
@hey_chobani
·
1h",I am so happy for him!,,,
"Chobani
@hey_chobani
·
1h",I am so happy for him!,,,
"Chobani
@hey_chobani
·
1h",I am so happy for him!,,,
"Chobani
@hey_chobani
·
1h",I am so happy for him!,,,
"Chobani
@hey_chobani
·
1h",I am so happy for him!,,,
"Chobani
@hey_chobani
·
1h",I am so happy for him!,,,
"Chobani
@hey_chobani
·
1h",I am so happy for him!,,,
"Chobani
@hey_chobani
·
1h",I am so happy for him!,,,
"Chobani
@hey_chobani
·
1h",I am so happy for him!,,,
"Chobani
@hey_chobani
·
1h",I am so happy for him!,,,
"Chobani
@hey_chobani
·
1h",I am so happy for him!,,,
"Chobani
@hey_chobani
·
1h",I am so happy for him!,,,
"Chobani
@hey_chobani
·
1h",I am so happy for him!,,,
"Chobani
@hey_chobani
·
1h",I am so happy for him!,,,
"Chobani
@hey_chobani
·
1h",I am so happy for him!,,,
"Chobani
@hey_chobani
·
1h",I am so happy for him!,,,
"Chobani
@hey_chobani
·
1h",I am so happy for him!,,,
"Chobani
@hey_chobani
·
1h",I am so happy for him!,,,
"Chobani
@hey_chobani
·
1h",I am so happy for him!,,,
"Chobani
@hey_chobani
·
1h",I am so happy for him!,,,
"Chobani
@hey_chobani
·
1h",I am so happy for him!,,,
"Chobani
@hey_chobani
·
1h",I am so happy for him!,,,
"Chobani
@hey_chobani
·
1h",I am so happy for him!,,,
"Chobani
@hey_chobani
·
1h",I am so happy for him!,,,
"Chobani
@hey_chobani
·
1h",I am so happy for him!,,,
"Chobani
@hey_chobani
·
1h",I am so happy for him!,,,
"Gumpster
@GumpBaby7
·
3h",Currently dipping my mini peppers into a Chobani less sugar Madagascar Vanilla & Cinnamon yogurt cup ,,,2
"Gumpster
@GumpBaby7
·
3h",Currently dipping my mini peppers into a Chobani less sugar Madagascar Vanilla & Cinnamon yogurt cup ,,,2
"Gumpster
@GumpBaby7
·
3h",Currently dipping my mini peppers into a Chobani less sugar Madagascar Vanilla & Cinnamon yogurt cup ,,,2
"Gumpster
@GumpBaby7
·
3h",Currently dipping my mini peppers into a Chobani less sugar Madagascar Vanilla & Cinnamon yogurt cup ,,,2
"Gumpster
@GumpBaby7
·
3h",Currently dipping my mini peppers into a Chobani less sugar Madagascar Vanilla & Cinnamon yogurt cup ,,,2
"Gumpster
@GumpBaby7
·
3h",Currently dipping my mini peppers into a Chobani less sugar Madagascar Vanilla & Cinnamon yogurt cup ,,,2
"Gumpster
@GumpBaby7
·
3h",Currently dipping my mini peppers into a Chobani less sugar Madagascar Vanilla & Cinnamon yogurt cup ,,,2
"Gumpster
@GumpBaby7
·
3h",Currently dipping my mini peppers into a Chobani less sugar Madagascar Vanilla & Cinnamon yogurt cup ,,,2
"Gumpster
@GumpBaby7
·
3h",Currently dipping my mini peppers into a Chobani less sugar Madagascar Vanilla & Cinnamon yogurt cup ,,,2
"Gumpster
@GumpBaby7
·
3h",Currently dipping my mini peppers into a Chobani less sugar Madagascar Vanilla & Cinnamon yogurt cup ,,,2
"Gumpster
@GumpBaby7
·
3h",Currently dipping my mini peppers into a Chobani less sugar Madagascar Vanilla & Cinnamon yogurt cup ,,,2
"Gumpster
@GumpBaby7
·
3h",Currently dipping my mini peppers into a Chobani less sugar Madagascar Vanilla & Cinnamon yogurt cup ,,,2
"Gumpster
@GumpBaby7
·
3h",Currently dipping my mini peppers into a Chobani less sugar Madagascar Vanilla & Cinnamon yogurt cup ,,,2
"Gumpster
@GumpBaby7
·
3h",Currently dipping my mini peppers into a Chobani less sugar Madagascar Vanilla & Cinnamon yogurt cup ,,,2
"Gumpster
@GumpBaby7
·
3h",Currently dipping my mini peppers into a Chobani less sugar Madagascar Vanilla & Cinnamon yogurt cup ,,,2
"Gumpster
@GumpBaby7
·
3h",Currently dipping my mini peppers into a Chobani less sugar Madagascar Vanilla & Cinnamon yogurt cup ,,,2
"Gumpster
@GumpBaby7
·
3h",Currently dipping my mini peppers into a Chobani less sugar Madagascar Vanilla & Cinnamon yogurt cup ,,,2
"Gumpster
@GumpBaby7
·
3h",Currently dipping my mini peppers into a Chobani less sugar Madagascar Vanilla & Cinnamon yogurt cup ,,,2
"Gumpster
@GumpBaby7
·
3h",Currently dipping my mini peppers into a Chobani less sugar Madagascar Vanilla & Cinnamon yogurt cup ,,,2
"Gumpster
@GumpBaby7
·
3h",Currently dipping my mini peppers into a Chobani less sugar Madagascar Vanilla & Cinnamon yogurt cup ,,,2
"Gumpster
@GumpBaby7
·
3h",Currently dipping my mini peppers into a Chobani less sugar Madagascar Vanilla & Cinnamon yogurt cup ,,,2
"Gumpster
@GumpBaby7
·
3h",Currently dipping my mini peppers into a Chobani less sugar Madagascar Vanilla & Cinnamon yogurt cup ,,,2
"Gumpster
@GumpBaby7
·
3h",Currently dipping my mini peppers into a Chobani less sugar Madagascar Vanilla & Cinnamon yogurt cup ,,,2
"Gumpster
@GumpBaby7
·
3h",Currently dipping my mini peppers into a Chobani less sugar Madagascar Vanilla & Cinnamon yogurt cup ,,,2
"Gumpster
@GumpBaby7
·
3h",Currently dipping my mini peppers into a Chobani less sugar Madagascar Vanilla & Cinnamon yogurt cup ,,,2
"Gumpster
@GumpBaby7
·
3h",Currently dipping my mini peppers into a Chobani less sugar Madagascar Vanilla & Cinnamon yogurt cup ,,,2
"Gumpster
@GumpBaby7
·
3h",Currently dipping my mini peppers into a Chobani less sugar Madagascar Vanilla & Cinnamon yogurt cup ,,,2
"CowLivesMatter
@ProtesterLone
·
8h","This is the most God-awful corporate-speak I've read in a long time. That it's addressing milk producers is, frankly, deeply disturbing.
https://usdairy.com/getmedia/ff051a22-79c1-44ba-844f-cf9437e141c4/Feed-Additive-Guidance_final_web.pdf?ext=.pdf…",,2,1
"CowLivesMatter
@ProtesterLone
·
8h","This is the most God-awful corporate-speak I've read in a long time. That it's addressing milk producers is, frankly, deeply disturbing.
https://usdairy.com/getmedia/ff051a22-79c1-44ba-844f-cf9437e141c4/Feed-Additive-Guidance_final_web.pdf?ext=.pdf…",,2,1
"CowLivesMatter
@ProtesterLone
·
8h","This is the most God-awful corporate-speak I've read in a long time. That it's addressing milk producers is, frankly, deeply disturbing.
https://usdairy.com/getmedia/ff051a22-79c1-44ba-844f-cf9437e141c4/Feed-Additive-Guidance_final_web.pdf?ext=.pdf…",,2,1
"CowLivesMatter
@ProtesterLone
·
8h","This is the most God-awful corporate-speak I've read in a long time. That it's addressing milk producers is, frankly, deeply disturbing.
https://usdairy.com/getmedia/ff051a22-79c1-44ba-844f-cf9437e141c4/Feed-Additive-Guidance_final_web.pdf?ext=.pdf…",,2,1
"CowLivesMatter
@ProtesterLone
·
8h","This is the most God-awful corporate-speak I've read in a long time. That it's addressing milk producers is, frankly, deeply disturbing.
https://usdairy.com/getmedia/ff051a22-79c1-44ba-844f-cf9437e141c4/Feed-Additive-Guidance_final_web.pdf?ext=.pdf…",,2,1
"CowLivesMatter
@ProtesterLone
·
8h","This is the most God-awful corporate-speak I've read in a long time. That it's addressing milk producers is, frankly, deeply disturbing.
https://usdairy.com/getmedia/ff051a22-79c1-44ba-844f-cf9437e141c4/Feed-Additive-Guidance_final_web.pdf?ext=.pdf…",,2,1
"CowLivesMatter
@ProtesterLone
·
8h","This is the most God-awful corporate-speak I've read in a long time. That it's addressing milk producers is, frankly, deeply disturbing.
https://usdairy.com/getmedia/ff051a22-79c1-44ba-844f-cf9437e141c4/Feed-Additive-Guidance_final_web.pdf?ext=.pdf…",,2,1
"CowLivesMatter
@ProtesterLone
·
8h","This is the most God-awful corporate-speak I've read in a long time. That it's addressing milk producers is, frankly, deeply disturbing.
https://usdairy.com/getmedia/ff051a22-79c1-44ba-844f-cf9437e141c4/Feed-Additive-Guidance_final_web.pdf?ext=.pdf…",,2,1
"CowLivesMatter
@ProtesterLone
·
8h","This is the most God-awful corporate-speak I've read in a long time. That it's addressing milk producers is, frankly, deeply disturbing.
https://usdairy.com/getmedia/ff051a22-79c1-44ba-844f-cf9437e141c4/Feed-Additive-Guidance_final_web.pdf?ext=.pdf…",,2,1
"CowLivesMatter
@ProtesterLone
·
8h","This is the most God-awful corporate-speak I've read in a long time. That it's addressing milk producers is, frankly, deeply disturbing.
https://usdairy.com/getmedia/ff051a22-79c1-44ba-844f-cf9437e141c4/Feed-Additive-Guidance_final_web.pdf?ext=.pdf…",,2,1
"CowLivesMatter
@ProtesterLone
·
8h","This is the most God-awful corporate-speak I've read in a long time. That it's addressing milk producers is, frankly, deeply disturbing.
https://usdairy.com/getmedia/ff051a22-79c1-44ba-844f-cf9437e141c4/Feed-Additive-Guidance_final_web.pdf?ext=.pdf…",,2,1
"CowLivesMatter
@ProtesterLone
·
8h","This is the most God-awful corporate-speak I've read in a long time. That it's addressing milk producers is, frankly, deeply disturbing.
https://usdairy.com/getmedia/ff051a22-79c1-44ba-844f-cf9437e141c4/Feed-Additive-Guidance_final_web.pdf?ext=.pdf…",,2,1
"CowLivesMatter
@ProtesterLone
·
8h","This is the most God-awful corporate-speak I've read in a long time. That it's addressing milk producers is, frankly, deeply disturbing.
https://usdairy.com/getmedia/ff051a22-79c1-44ba-844f-cf9437e141c4/Feed-Additive-Guidance_final_web.pdf?ext=.pdf…",,2,1
"CowLivesMatter
@ProtesterLone
·
8h","This is the most God-awful corporate-speak I've read in a long time. That it's addressing milk producers is, frankly, deeply disturbing.
https://usdairy.com/getmedia/ff051a22-79c1-44ba-844f-cf9437e141c4/Feed-Additive-Guidance_final_web.pdf?ext=.pdf…",,2,1
"CowLivesMatter
@ProtesterLone
·
8h","This is the most God-awful corporate-speak I've read in a long time. That it's addressing milk producers is, frankly, deeply disturbing.
https://usdairy.com/getmedia/ff051a22-79c1-44ba-844f-cf9437e141c4/Feed-Additive-Guidance_final_web.pdf?ext=.pdf…",,2,1
"CowLivesMatter
@ProtesterLone
·
8h","This is the most God-awful corporate-speak I've read in a long time. That it's addressing milk producers is, frankly, deeply disturbing.
https://usdairy.com/getmedia/ff051a22-79c1-44ba-844f-cf9437e141c4/Feed-Additive-Guidance_final_web.pdf?ext=.pdf…",,2,1
"CowLivesMatter
@ProtesterLone
·
8h","This is the most God-awful corporate-speak I've read in a long time. That it's addressing milk producers is, frankly, deeply disturbing.
https://usdairy.com/getmedia/ff051a22-79c1-44ba-844f-cf9437e141c4/Feed-Additive-Guidance_final_web.pdf?ext=.pdf…",,2,1
"CowLivesMatter
@ProtesterLone
·
8h","This is the most God-awful corporate-speak I've read in a long time. That it's addressing milk producers is, frankly, deeply disturbing.
https://usdairy.com/getmedia/ff051a22-79c1-44ba-844f-cf9437e141c4/Feed-Additive-Guidance_final_web.pdf?ext=.pdf…",,2,1
"CowLivesMatter
@ProtesterLone
·
8h","This is the most God-awful corporate-speak I've read in a long time. That it's addressing milk producers is, frankly, deeply disturbing.
https://usdairy.com/getmedia/ff051a22-79c1-44ba-844f-cf9437e141c4/Feed-Additive-Guidance_final_web.pdf?ext=.pdf…",,2,1
"CowLivesMatter
@ProtesterLone
·
8h","This is the most God-awful corporate-speak I've read in a long time. That it's addressing milk producers is, frankly, deeply disturbing.
https://usdairy.com/getmedia/ff051a22-79c1-44ba-844f-cf9437e141c4/Feed-Additive-Guidance_final_web.pdf?ext=.pdf…",,2,1
"CowLivesMatter
@ProtesterLone
·
8h","This is the most God-awful corporate-speak I've read in a long time. That it's addressing milk producers is, frankly, deeply disturbing.
https://usdairy.com/getmedia/ff051a22-79c1-44ba-844f-cf9437e141c4/Feed-Additive-Guidance_final_web.pdf?ext=.pdf…",,2,1
"CowLivesMatter
@ProtesterLone
·
8h","This is the most God-awful corporate-speak I've read in a long time. That it's addressing milk producers is, frankly, deeply disturbing.
https://usdairy.com/getmedia/ff051a22-79c1-44ba-844f-cf9437e141c4/Feed-Additive-Guidance_final_web.pdf?ext=.pdf…",,2,1
"CowLivesMatter
@ProtesterLone
·
8h","This is the most God-awful corporate-speak I've read in a long time. That it's addressing milk producers is, frankly, deeply disturbing.
https://usdairy.com/getmedia/ff051a22-79c1-44ba-844f-cf9437e141c4/Feed-Additive-Guidance_final_web.pdf?ext=.pdf…",,2,1
"İLKHABER
@ilkhaberadana
·
12h","ABD'nin en çok satan süzme yoğurt markası Chobani'nin sahibi Türk iş insanı  Hamdi Ulukaya, İstanbul Boğazı'ndaki simge yapılarından Feyyaz Tokar Yalısı'nı 45 milyon dolara satın alıyor",,,
"İLKHABER
@ilkhaberadana
·
12h","ABD'nin en çok satan süzme yoğurt markası Chobani'nin sahibi Türk iş insanı  Hamdi Ulukaya, İstanbul Boğazı'ndaki simge yapılarından Feyyaz Tokar Yalısı'nı 45 milyon dolara satın alıyor",,,
"İLKHABER
@ilkhaberadana
·
12h","ABD'nin en çok satan süzme yoğurt markası Chobani'nin sahibi Türk iş insanı  Hamdi Ulukaya, İstanbul Boğazı'ndaki simge yapılarından Feyyaz Tokar Yalısı'nı 45 milyon dolara satın alıyor",,,
"İLKHABER
@ilkhaberadana
·
12h","ABD'nin en çok satan süzme yoğurt markası Chobani'nin sahibi Türk iş insanı  Hamdi Ulukaya, İstanbul Boğazı'ndaki simge yapılarından Feyyaz Tokar Yalısı'nı 45 milyon dolara satın alıyor",,,
"İLKHABER
@ilkhaberadana
·
12h","ABD'nin en çok satan süzme yoğurt markası Chobani'nin sahibi Türk iş insanı  Hamdi Ulukaya, İstanbul Boğazı'ndaki simge yapılarından Feyyaz Tokar Yalısı'nı 45 milyon dolara satın alıyor",,,
"İLKHABER
@ilkhaberadana
·
12h","ABD'nin en çok satan süzme yoğurt markası Chobani'nin sahibi Türk iş insanı  Hamdi Ulukaya, İstanbul Boğazı'ndaki simge yapılarından Feyyaz Tokar Yalısı'nı 45 milyon dolara satın alıyor",,,
"İLKHABER
@ilkhaberadana
·
12h","ABD'nin en çok satan süzme yoğurt markası Chobani'nin sahibi Türk iş insanı  Hamdi Ulukaya, İstanbul Boğazı'ndaki simge yapılarından Feyyaz Tokar Yalısı'nı 45 milyon dolara satın alıyor",,,
"İLKHABER
@ilkhaberadana
·
12h","ABD'nin en çok satan süzme yoğurt markası Chobani'nin sahibi Türk iş insanı  Hamdi Ulukaya, İstanbul Boğazı'ndaki simge yapılarından Feyyaz Tokar Yalısı'nı 45 milyon dolara satın alıyor",,,
"İLKHABER
@ilkhaberadana
·
12h","ABD'nin en çok satan süzme yoğurt markası Chobani'nin sahibi Türk iş insanı  Hamdi Ulukaya, İstanbul Boğazı'ndaki simge yapılarından Feyyaz Tokar Yalısı'nı 45 milyon dolara satın alıyor",,,
"İLKHABER
@ilkhaberadana
·
12h","ABD'nin en çok satan süzme yoğurt markası Chobani'nin sahibi Türk iş insanı  Hamdi Ulukaya, İstanbul Boğazı'ndaki simge yapılarından Feyyaz Tokar Yalısı'nı 45 milyon dolara satın alıyor",,,
"İLKHABER
@ilkhaberadana
·
12h","ABD'nin en çok satan süzme yoğurt markası Chobani'nin sahibi Türk iş insanı  Hamdi Ulukaya, İstanbul Boğazı'ndaki simge yapılarından Feyyaz Tokar Yalısı'nı 45 milyon dolara satın alıyor",,,
"İLKHABER
@ilkhaberadana
·
12h","ABD'nin en çok satan süzme yoğurt markası Chobani'nin sahibi Türk iş insanı  Hamdi Ulukaya, İstanbul Boğazı'ndaki simge yapılarından Feyyaz Tokar Yalısı'nı 45 milyon dolara satın alıyor",,,
"İLKHABER
@ilkhaberadana
·
12h","ABD'nin en çok satan süzme yoğurt markası Chobani'nin sahibi Türk iş insanı  Hamdi Ulukaya, İstanbul Boğazı'ndaki simge yapılarından Feyyaz Tokar Yalısı'nı 45 milyon dolara satın alıyor",,,
"İLKHABER
@ilkhaberadana
·
12h","ABD'nin en çok satan süzme yoğurt markası Chobani'nin sahibi Türk iş insanı  Hamdi Ulukaya, İstanbul Boğazı'ndaki simge yapılarından Feyyaz Tokar Yalısı'nı 45 milyon dolara satın alıyor",,,
"İLKHABER
@ilkhaberadana
·
12h","ABD'nin en çok satan süzme yoğurt markası Chobani'nin sahibi Türk iş insanı  Hamdi Ulukaya, İstanbul Boğazı'ndaki simge yapılarından Feyyaz Tokar Yalısı'nı 45 milyon dolara satın alıyor",,,
"İLKHABER
@ilkhaberadana
·
12h","ABD'nin en çok satan süzme yoğurt markası Chobani'nin sahibi Türk iş insanı  Hamdi Ulukaya, İstanbul Boğazı'ndaki simge yapılarından Feyyaz Tokar Yalısı'nı 45 milyon dolara satın alıyor",,,
"İLKHABER
@ilkhaberadana
·
12h","ABD'nin en çok satan süzme yoğurt markası Chobani'nin sahibi Türk iş insanı  Hamdi Ulukaya, İstanbul Boğazı'ndaki simge yapılarından Feyyaz Tokar Yalısı'nı 45 milyon dolara satın alıyor",,,
"İLKHABER
@ilkhaberadana
·
12h","ABD'nin en çok satan süzme yoğurt markası Chobani'nin sahibi Türk iş insanı  Hamdi Ulukaya, İstanbul Boğazı'ndaki simge yapılarından Feyyaz Tokar Yalısı'nı 45 milyon dolara satın alıyor",,,
"İLKHABER
@ilkhaberadana
·
12h","ABD'nin en çok satan süzme yoğurt markası Chobani'nin sahibi Türk iş insanı  Hamdi Ulukaya, İstanbul Boğazı'ndaki simge yapılarından Feyyaz Tokar Yalısı'nı 45 milyon dolara satın alıyor",,,
"İLKHABER
@ilkhaberadana
·
12h","ABD'nin en çok satan süzme yoğurt markası Chobani'nin sahibi Türk iş insanı  Hamdi Ulukaya, İstanbul Boğazı'ndaki simge yapılarından Feyyaz Tokar Yalısı'nı 45 milyon dolara satın alıyor",,,
"İLKHABER
@ilkhaberadana
·
12h","ABD'nin en çok satan süzme yoğurt markası Chobani'nin sahibi Türk iş insanı  Hamdi Ulukaya, İstanbul Boğazı'ndaki simge yapılarından Feyyaz Tokar Yalısı'nı 45 milyon dolara satın alıyor",,,
"İLKHABER
@ilkhaberadana
·
12h","ABD'nin en çok satan süzme yoğurt markası Chobani'nin sahibi Türk iş insanı  Hamdi Ulukaya, İstanbul Boğazı'ndaki simge yapılarından Feyyaz Tokar Yalısı'nı 45 milyon dolara satın alıyor",,,
"İLKHABER
@ilkhaberadana
·
12h","ABD'nin en çok satan süzme yoğurt markası Chobani'nin sahibi Türk iş insanı  Hamdi Ulukaya, İstanbul Boğazı'ndaki simge yapılarından Feyyaz Tokar Yalısı'nı 45 milyon dolara satın alıyor",,,
"İLKHABER
@ilkhaberadana
·
12h","ABD'nin en çok satan süzme yoğurt markası Chobani'nin sahibi Türk iş insanı  Hamdi Ulukaya, İstanbul Boğazı'ndaki simge yapılarından Feyyaz Tokar Yalısı'nı 45 milyon dolara satın alıyor",,,
"Patronlar Dünyası
@patronlar
·
15h","Chobani yoğurtlarının sahibi Hamdi Ulukaya, Feyyaz Tokar Yalısı’nı 45 milyon dolara alıyor

Yalıyı, Rus iş insanı Roman Abramoviç’de bir dönem kiralamıştı

#patronlar 

https://patronlardunyasi.com/chobani-yogurtlarinin-sahibi-hamdi-ulukaya-feyyaz-tokar-yalisini-45-milyon-dolara-aliyor…",1,1,16
"Patronlar Dünyası
@patronlar
·
15h","Chobani yoğurtlarının sahibi Hamdi Ulukaya, Feyyaz Tokar Yalısı’nı 45 milyon dolara alıyor

Yalıyı, Rus iş insanı Roman Abramoviç’de bir dönem kiralamıştı

#patronlar 

https://patronlardunyasi.com/chobani-yogurtlarinin-sahibi-hamdi-ulukaya-feyyaz-tokar-yalisini-45-milyon-dolara-aliyor…",1,1,16
"Patronlar Dünyası
@patronlar
·
15h","Chobani yoğurtlarının sahibi Hamdi Ulukaya, Feyyaz Tokar Yalısı’nı 45 milyon dolara alıyor

Yalıyı, Rus iş insanı Roman Abramoviç’de bir dönem kiralamıştı

#patronlar 

https://patronlardunyasi.com/chobani-yogurtlarinin-sahibi-hamdi-ulukaya-feyyaz-tokar-yalisini-45-milyon-dolara-aliyor…",1,1,16
"Patronlar Dünyası
@patronlar
·
15h","Chobani yoğurtlarının sahibi Hamdi Ulukaya, Feyyaz Tokar Yalısı’nı 45 milyon dolara alıyor

Yalıyı, Rus iş insanı Roman Abramoviç’de bir dönem kiralamıştı

#patronlar 

https://patronlardunyasi.com/chobani-yogurtlarinin-sahibi-hamdi-ulukaya-feyyaz-tokar-yalisini-45-milyon-dolara-aliyor…",1,1,16
"Patronlar Dünyası
@patronlar
·
15h","Chobani yoğurtlarının sahibi Hamdi Ulukaya, Feyyaz Tokar Yalısı’nı 45 milyon dolara alıyor

Yalıyı, Rus iş insanı Roman Abramoviç’de bir dönem kiralamıştı

#patronlar 

https://patronlardunyasi.com/chobani-yogurtlarinin-sahibi-hamdi-ulukaya-feyyaz-tokar-yalisini-45-milyon-dolara-aliyor…",1,1,16
"Patronlar Dünyası
@patronlar
·
15h","Chobani yoğurtlarının sahibi Hamdi Ulukaya, Feyyaz Tokar Yalısı’nı 45 milyon dolara alıyor

Yalıyı, Rus iş insanı Roman Abramoviç’de bir dönem kiralamıştı

#patronlar 

https://patronlardunyasi.com/chobani-yogurtlarinin-sahibi-hamdi-ulukaya-feyyaz-tokar-yalisini-45-milyon-dolara-aliyor…",1,1,16
"Patronlar Dünyası
@patronlar
·
15h","Chobani yoğurtlarının sahibi Hamdi Ulukaya, Feyyaz Tokar Yalısı’nı 45 milyon dolara alıyor

Yalıyı, Rus iş insanı Roman Abramoviç’de bir dönem kiralamıştı

#patronlar 

https://patronlardunyasi.com/chobani-yogurtlarinin-sahibi-hamdi-ulukaya-feyyaz-tokar-yalisini-45-milyon-dolara-aliyor…",1,1,16
"Patronlar Dünyası
@patronlar
·
15h","Chobani yoğurtlarının sahibi Hamdi Ulukaya, Feyyaz Tokar Yalısı’nı 45 milyon dolara alıyor

Yalıyı, Rus iş insanı Roman Abramoviç’de bir dönem kiralamıştı

#patronlar 

https://patronlardunyasi.com/chobani-yogurtlarinin-sahibi-hamdi-ulukaya-feyyaz-tokar-yalisini-45-milyon-dolara-aliyor…",1,1,16
"Patronlar Dünyası
@patronlar
·
15h","Chobani yoğurtlarının sahibi Hamdi Ulukaya, Feyyaz Tokar Yalısı’nı 45 milyon dolara alıyor

Yalıyı, Rus iş insanı Roman Abramoviç’de bir dönem kiralamıştı

#patronlar 

https://patronlardunyasi.com/chobani-yogurtlarinin-sahibi-hamdi-ulukaya-feyyaz-tokar-yalisini-45-milyon-dolara-aliyor…",1,1,16
"Patronlar Dünyası
@patronlar
·
15h","Chobani yoğurtlarının sahibi Hamdi Ulukaya, Feyyaz Tokar Yalısı’nı 45 milyon dolara alıyor

Yalıyı, Rus iş insanı Roman Abramoviç’de bir dönem kiralamıştı

#patronlar 

https://patronlardunyasi.com/chobani-yogurtlarinin-sahibi-hamdi-ulukaya-feyyaz-tokar-yalisini-45-milyon-dolara-aliyor…",1,1,16
"Patronlar Dünyası
@patronlar
·
15h","Chobani yoğurtlarının sahibi Hamdi Ulukaya, Feyyaz Tokar Yalısı’nı 45 milyon dolara alıyor

Yalıyı, Rus iş insanı Roman Abramoviç’de bir dönem kiralamıştı

#patronlar 

https://patronlardunyasi.com/chobani-yogurtlarinin-sahibi-hamdi-ulukaya-feyyaz-tokar-yalisini-45-milyon-dolara-aliyor…",1,1,16
"Patronlar Dünyası
@patronlar
·
15h","Chobani yoğurtlarının sahibi Hamdi Ulukaya, Feyyaz Tokar Yalısı’nı 45 milyon dolara alıyor

Yalıyı, Rus iş insanı Roman Abramoviç’de bir dönem kiralamıştı

#patronlar 

https://patronlardunyasi.com/chobani-yogurtlarinin-sahibi-hamdi-ulukaya-feyyaz-tokar-yalisini-45-milyon-dolara-aliyor…",1,1,16
"Patronlar Dünyası
@patronlar
·
15h","Chobani yoğurtlarının sahibi Hamdi Ulukaya, Feyyaz Tokar Yalısı’nı 45 milyon dolara alıyor

Yalıyı, Rus iş insanı Roman Abramoviç’de bir dönem kiralamıştı

#patronlar 

https://patronlardunyasi.com/chobani-yogurtlarinin-sahibi-hamdi-ulukaya-feyyaz-tokar-yalisini-45-milyon-dolara-aliyor…",1,1,16
"Patronlar Dünyası
@patronlar
·
15h","Chobani yoğurtlarının sahibi Hamdi Ulukaya, Feyyaz Tokar Yalısı’nı 45 milyon dolara alıyor

Yalıyı, Rus iş insanı Roman Abramoviç’de bir dönem kiralamıştı

#patronlar 

https://patronlardunyasi.com/chobani-yogurtlarinin-sahibi-hamdi-ulukaya-feyyaz-tokar-yalisini-45-milyon-dolara-aliyor…",1,1,16
"Patronlar Dünyası
@patronlar
·
15h","Chobani yoğurtlarının sahibi Hamdi Ulukaya, Feyyaz Tokar Yalısı’nı 45 milyon dolara alıyor

Yalıyı, Rus iş insanı Roman Abramoviç’de bir dönem kiralamıştı

#patronlar 

https://patronlardunyasi.com/chobani-yogurtlarinin-sahibi-hamdi-ulukaya-feyyaz-tokar-yalisini-45-milyon-dolara-aliyor…",1,1,16
"Patronlar Dünyası
@patronlar
·
15h","Chobani yoğurtlarının sahibi Hamdi Ulukaya, Feyyaz Tokar Yalısı’nı 45 milyon dolara alıyor

Yalıyı, Rus iş insanı Roman Abramoviç’de bir dönem kiralamıştı

#patronlar 

https://patronlardunyasi.com/chobani-yogurtlarinin-sahibi-hamdi-ulukaya-feyyaz-tokar-yalisini-45-milyon-dolara-aliyor…",1,1,16
"Patronlar Dünyası
@patronlar
·
15h","Chobani yoğurtlarının sahibi Hamdi Ulukaya, Feyyaz Tokar Yalısı’nı 45 milyon dolara alıyor

Yalıyı, Rus iş insanı Roman Abramoviç’de bir dönem kiralamıştı

#patronlar 

https://patronlardunyasi.com/chobani-yogurtlarinin-sahibi-hamdi-ulukaya-feyyaz-tokar-yalisini-45-milyon-dolara-aliyor…",1,1,16
"Patronlar Dünyası
@patronlar
·
15h","Chobani yoğurtlarının sahibi Hamdi Ulukaya, Feyyaz Tokar Yalısı’nı 45 milyon dolara alıyor

Yalıyı, Rus iş insanı Roman Abramoviç’de bir dönem kiralamıştı

#patronlar 

https://patronlardunyasi.com/chobani-yogurtlarinin-sahibi-hamdi-ulukaya-feyyaz-tokar-yalisini-45-milyon-dolara-aliyor…",1,1,16
"Patronlar Dünyası
@patronlar
·
15h","Chobani yoğurtlarının sahibi Hamdi Ulukaya, Feyyaz Tokar Yalısı’nı 45 milyon dolara alıyor

Yalıyı, Rus iş insanı Roman Abramoviç’de bir dönem kiralamıştı

#patronlar 

https://patronlardunyasi.com/chobani-yogurtlarinin-sahibi-hamdi-ulukaya-feyyaz-tokar-yalisini-45-milyon-dolara-aliyor…",1,1,16
"Patronlar Dünyası
@patronlar
·
15h","Chobani yoğurtlarının sahibi Hamdi Ulukaya, Feyyaz Tokar Yalısı’nı 45 milyon dolara alıyor

Yalıyı, Rus iş insanı Roman Abramoviç’de bir dönem kiralamıştı

#patronlar 

https://patronlardunyasi.com/chobani-yogurtlarinin-sahibi-hamdi-ulukaya-feyyaz-tokar-yalisini-45-milyon-dolara-aliyor…",1,1,16
"Patronlar Dünyası
@patronlar
·
15h","Chobani yoğurtlarının sahibi Hamdi Ulukaya, Feyyaz Tokar Yalısı’nı 45 milyon dolara alıyor

Yalıyı, Rus iş insanı Roman Abramoviç’de bir dönem kiralamıştı

#patronlar 

https://patronlardunyasi.com/chobani-yogurtlarinin-sahibi-hamdi-ulukaya-feyyaz-tokar-yalisini-45-milyon-dolara-aliyor…",1,1,16
"Patronlar Dünyası
@patronlar
·
15h","Chobani yoğurtlarının sahibi Hamdi Ulukaya, Feyyaz Tokar Yalısı’nı 45 milyon dolara alıyor

Yalıyı, Rus iş insanı Roman Abramoviç’de bir dönem kiralamıştı

#patronlar 

https://patronlardunyasi.com/chobani-yogurtlarinin-sahibi-hamdi-ulukaya-feyyaz-tokar-yalisini-45-milyon-dolara-aliyor…",1,1,16
"Patronlar Dünyası
@patronlar
·
15h","Chobani yoğurtlarının sahibi Hamdi Ulukaya, Feyyaz Tokar Yalısı’nı 45 milyon dolara alıyor

Yalıyı, Rus iş insanı Roman Abramoviç’de bir dönem kiralamıştı

#patronlar 

https://patronlardunyasi.com/chobani-yogurtlarinin-sahibi-hamdi-ulukaya-feyyaz-tokar-yalisini-45-milyon-dolara-aliyor…",1,1,16
"Patronlar Dünyası
@patronlar
·
15h","Chobani yoğurtlarının sahibi Hamdi Ulukaya, Feyyaz Tokar Yalısı’nı 45 milyon dolara alıyor

Yalıyı, Rus iş insanı Roman Abramoviç’de bir dönem kiralamıştı

#patronlar 

https://patronlardunyasi.com/chobani-yogurtlarinin-sahibi-hamdi-ulukaya-feyyaz-tokar-yalisini-45-milyon-dolara-aliyor…",1,1,16
"Patronlar Dünyası
@patronlar
·
15h","Chobani yoğurtlarının sahibi Hamdi Ulukaya, Feyyaz Tokar Yalısı’nı 45 milyon dolara alıyor

Yalıyı, Rus iş insanı Roman Abramoviç’de bir dönem kiralamıştı

#patronlar 

https://patronlardunyasi.com/chobani-yogurtlarinin-sahibi-hamdi-ulukaya-feyyaz-tokar-yalisini-45-milyon-dolara-aliyor…",1,1,16
"Patronlar Dünyası
@patronlar
·
15h","Chobani yoğurtlarının sahibi Hamdi Ulukaya, Feyyaz Tokar Yalısı’nı 45 milyon dolara alıyor

Yalıyı, Rus iş insanı Roman Abramoviç’de bir dönem kiralamıştı

#patronlar 

https://patronlardunyasi.com/chobani-yogurtlarinin-sahibi-hamdi-ulukaya-feyyaz-tokar-yalisini-45-milyon-dolara-aliyor…",1,1,16
"Patronlar Dünyası
@patronlar
·
15h","Chobani yoğurtlarının sahibi Hamdi Ulukaya, Feyyaz Tokar Yalısı’nı 45 milyon dolara alıyor

Yalıyı, Rus iş insanı Roman Abramoviç’de bir dönem kiralamıştı

#patronlar 

https://patronlardunyasi.com/chobani-yogurtlarinin-sahibi-hamdi-ulukaya-feyyaz-tokar-yalisini-45-milyon-dolara-aliyor…",1,1,16
"Patronlar Dünyası
@patronlar
·
15h","Chobani yoğurtlarının sahibi Hamdi Ulukaya, Feyyaz Tokar Yalısı’nı 45 milyon dolara alıyor

Yalıyı, Rus iş insanı Roman Abramoviç’de bir dönem kiralamıştı

#patronlar 

https://patronlardunyasi.com/chobani-yogurtlarinin-sahibi-hamdi-ulukaya-feyyaz-tokar-yalisini-45-milyon-dolara-aliyor…",1,1,16
"Patronlar Dünyası
@patronlar
·
15h","Chobani yoğurtlarının sahibi Hamdi Ulukaya, Feyyaz Tokar Yalısı’nı 45 milyon dolara alıyor

Yalıyı, Rus iş insanı Roman Abramoviç’de bir dönem kiralamıştı

#patronlar 

https://patronlardunyasi.com/chobani-yogurtlarinin-sahibi-hamdi-ulukaya-feyyaz-tokar-yalisini-45-milyon-dolara-aliyor…",1,1,16
"Patronlar Dünyası
@patronlar
·
15h","Chobani yoğurtlarının sahibi Hamdi Ulukaya, Feyyaz Tokar Yalısı’nı 45 milyon dolara alıyor

Yalıyı, Rus iş insanı Roman Abramoviç’de bir dönem kiralamıştı

#patronlar 

https://patronlardunyasi.com/chobani-yogurtlarinin-sahibi-hamdi-ulukaya-feyyaz-tokar-yalisini-45-milyon-dolara-aliyor…",1,1,16
